{
  "criteria": {
    "requirement": {
      "trigger": "minecraft:inventory_changed",
      "conditions": {
        "items": [
          {
            "items": "minecraft:red_sandstone"
          }
        ]
      }
    }
  },
  "rewards": {
    "recipes": [
      "master_cutter:stone/red_sandstone/red_sand_from_stonecutting",
      "master_cutter:stone/red_sandstone/red_sandstone_from_stonecutting_1",
      "master_cutter:stone/red_sandstone/red_sandstone_from_stonecutting_2",
      "master_cutter:stone/red_sandstone/red_sandstone_from_stonecutting_3",
      "master_cutter:stone/red_sandstone/red_sandstone_slab_from_stonecutting_1",
      "master_cutter:stone/red_sandstone/red_sandstone_slab_from_stonecutting_2",
      "master_cutter:stone/red_sandstone/red_sandstone_stairs_from_stonecutting",
      "master_cutter:stone/red_sandstone/red_sandstone_wall_from_stonecutting",
      "master_cutter:stone/red_sandstone/smooth_red_sandstone_from_stonecutting",
      "master_cutter:stone/red_sandstone/smooth_red_sandstone_slab_from_stonecutting"
    ]
  }
}