{
  "criteria": {
    "requirement": {
      "trigger": "minecraft:inventory_changed",
      "conditions": {
        "items": [
          {
            "items": "minecraft:tuff"
          }
        ]
      }
    }
  },
  "rewards": {
    "recipes": [
      "master_cutter:stone/tuff/chiseled_tuff_bricks_from_stonecutting",
      "master_cutter:stone/tuff/chiseled_tuff_from_stonecutting",
      "master_cutter:stone/tuff/polished_tuff_from_stonecutting",
      "master_cutter:stone/tuff/polished_tuff_slab_from_stonecutting",
      "master_cutter:stone/tuff/polished_tuff_stairs_from_stonecutting",
      "master_cutter:stone/tuff/polished_tuff_wall_from_stonecutting",
      "master_cutter:stone/tuff/tuff_brick_slab_from_stonecutting_1",
      "master_cutter:stone/tuff/tuff_brick_slab_from_stonecutting_2",
      "master_cutter:stone/tuff/tuff_brick_stairs_from_stonecutting",
      "master_cutter:stone/tuff/tuff_brick_wall_from_stonecutting",
      "master_cutter:stone/tuff/tuff_bricks_from_stonecutting",
      "master_cutter:stone/tuff/tuff_from_stonecutting",
      "master_cutter:stone/tuff/tuff_slab_from_stonecutting_1",
      "master_cutter:stone/tuff/tuff_slab_from_stonecutting_2",
      "master_cutter:stone/tuff/tuff_stairs_from_stonecutting",
      "master_cutter:stone/tuff/tuff_wall_from_stonecutting"
    ]
  }
}