{
  "criteria": {
    "requirement": {
      "trigger": "minecraft:inventory_changed",
      "conditions": {
        "items": [
          {
            "items": "minecraft:resin_brick"
          }
        ]
      }
    }
  },
  "rewards": {
    "recipes": [
      "master_cutter:organic/resin/chiseled_resin_bricks_from_stonecutting",
      "master_cutter:organic/resin/resin_brick_slab_from_stonecutting_1",
      "master_cutter:organic/resin/resin_brick_slab_from_stonecutting_2",
      "master_cutter:organic/resin/resin_brick_stairs_from_stonecutting",
      "master_cutter:organic/resin/resin_brick_wall_from_stonecutting",
      "master_cutter:organic/resin/resin_bricks_from_stonecutting"
    ]
  }
}