{
  "type": "minecraft:stonecutting",
  "ingredient": "minecraft:mushroom_stem",
  "result": {
      "id": "minecraft:mushroom_stem",
      "count": 1,
      "components": {
          "minecraft:block_state": {
              "down": "false",
              "east": "false",
              "north": "false",
              "south": "false",
              "up": "false",
              "west": "false"
          },
          "minecraft:lore": [
              {"text":"Down: ","extra": [{"text":"false","color":"red"}],"color":"gray"},
              {"text":"East: ","extra": [{"text":"false","color":"red"}],"color":"gray"},
              {"text":"North: ","extra": [{"text":"false","color":"red"}],"color":"gray"},
              {"text":"South: ","extra": [{"text":"false","color":"red"}],"color":"gray"},
              {"text":"Up: ","extra": [{"text":"false","color":"red"}],"color":"gray"},
              {"text":"West: ","extra": [{"text":"false","color":"red"}],"color":"gray"}
          ],
          "minecraft:item_name": {
              "text": "Stripped Mushroom Stem"
          }
      }
  }
}